,,,December 2015,,,,,,,,,,,,,,December 2015,,,,,,,,,,,,,,December 2015,,,,,,,,,,,,
Station No.,Station Name,Region,1,2,3,4,5,6,7,8,9,10,Decadal,Station No.,Station Name,Region,11,12,13,14,15,16,17,18,19,20,Decadal,Station No.,Station Name,Region,21,22,23,24,25,26,27,28,29,30,31,Decadal,Total
885,"MAINIT, SURIGAO DEL NORTE",13,9.8,1.4,0.4,4.6,0.2,9.2,1.0,3.2,0.8,0.0,30.6,885,"MAINIT, SURIGAO DEL NORTE","13",0.0,0.0,0.0,0.0,0.0,0.0,0.0,0.0,0.0,0.0,0,885,"MAINIT, SURIGAO DEL NORTE","13",0.0,0.0,0.0,0.0,0.0,0.0,0.0,0.0,0.0,0.0,0.0,0,30.6
881,"KORONADAL, SOUTH COTABATO",12,,,,,,,,,,,,881,"KORONADAL, SOUTH COTABATO","12",0.0,0.0,10.4,0.0,0.0,0.0,0.0,6.0,0.4,0.0,16.8,881,"KORONADAL, SOUTH COTABATO","12",0.0,0.0,0.0,2.6,0.0,0.0,0.0,2.8,0.0,0.0,0.0,5.4,22.2
893,"PROSPERIDAD, AGUSAN DEL SUR",13,10.6,35.2,0.0,2.6,2.8,4.2,5.4,2.0,9.2,0.0,72,893,"PROSPERIDAD, AGUSAN DEL SUR","13",0.0,0.0,0.0,37.4,0.2,0.0,3.8,171.6,13.8,,226.8,893,"PROSPERIDAD, AGUSAN DEL SUR","13",,,,,,,,,,,,,298.8
862,"TABUK, KALINGA",CAR,,,,,,,,,,,,862,"TABUK, KALINGA","CAR",,,,,,,,,,,,862,"TABUK, KALINGA","CAR",,,,,,,,,,,,,
295,"NSWRRDC SAN ILDEFONSO, BULACAN",3,0.0,0.0,0.0,7.4,9.2,0.0,0.0,,,,16.6,295,"NSWRRDC SAN ILDEFONSO, BULACAN","3",,,,,,,,,,,,295,"NSWRRDC SAN ILDEFONSO, BULACAN","3",,,,,,,,,,,,,16.6
375,"DULAG, LEYTE",8,,,,,,,,,,,,375,"DULAG, LEYTE","8",,,,,,,,,,,,375,"DULAG, LEYTE","8",,,,,,,,,,,,,
339,"STA. MARIA - PANGASINAN, PANGASINAN",1,,,,,,,,,,,,339,"STA. MARIA - PANGASINAN, PANGASINAN","1",,,,,,0.0,,,,,0,339,"STA. MARIA - PANGASINAN, PANGASINAN","1",,0.0,,,,,,,,,,0,0
373,"TANAY, RIZAL",4-A,1.2,0.0,0.4,9.2,11.2,0.0,0.6,2.0,1.0,0.0,25.6,373,"TANAY, RIZAL","4-A",0.4,0.0,0.2,9.8,90.4,51.8,1.2,44.6,54.2,2.2,254.8,373,"TANAY, RIZAL","4-A",3.6,0.2,0.2,0.2,0.6,0.0,0.4,0.0,0.0,0.2,16.6,22,302.4
366,"ISING, DAVAO DEL NORTE",11,,,,,,,,,,,,366,"ISING, DAVAO DEL NORTE","11",,,,,,,,,,,,366,"ISING, DAVAO DEL NORTE","11",,,,,,,,,,,,,
368,"KITCHARAO, AGUSAN DEL NORTE",13,2.8,1.4,0.0,11.6,1.4,4.0,0.4,0.2,0.2,0.0,22,368,"KITCHARAO, AGUSAN DEL NORTE","13",0.0,0.4,2.8,0.4,0.4,0.0,3.4,117.0,27.0,5.2,156.6,368,"KITCHARAO, AGUSAN DEL NORTE","13",3.8,12.6,1.4,25.6,3.6,6.0,23.6,2.6,9.8,15.0,2.0,106,284.6
875,"LASAM, CAGAYAN",2,0.2,0.0,0.0,2.4,1.6,0.0,60.6,2.8,0.0,0.0,67.6,875,"LASAM, CAGAYAN","2",0.0,1.2,1.6,16.4,56.6,31.8,5.8,1.6,5.8,0.4,121.2,875,"LASAM, CAGAYAN","2",5.8,0.0,0.0,0.0,0.0,0.0,0.0,21.2,13.4,5.4,0.0,45.8,234.6
869,"MALAYBALAY, BUKIDNON",10,2.4,0.0,2.6,41.8,123.2,2.8,0.8,19.4,18.2,0.0,211.2,869,"MALAYBALAY, BUKIDNON","10",4.4,0.4,0.2,14.0,187.6,257.6,5.2,15.6,214.2,216.2,915.4,869,"MALAYBALAY, BUKIDNON","10",40.4,0.2,1.4,0.6,0.2,0.0,0.0,0.0,4.0,0.0,21.2,68,1194.6
361,"VITALI DISTRICT, ZAMBOANGA CITY",9,0.0,5.0,0.0,0.0,0.0,0.0,0.0,0.0,0.0,0.0,5,361,"VITALI DISTRICT, ZAMBOANGA CITY","9",0.0,0.0,0.0,0.0,13.6,0.0,16.2,6.8,6.2,0.8,43.6,361,"VITALI DISTRICT, ZAMBOANGA CITY","9",0.0,0.2,0.0,0.0,0.0,0.0,0.0,0.0,0.0,0.0,22.8,23,71.6
933,"UPI AGRICULTURAL SCHOOL, MAGUINDANAO",ARMM,,,,0.0,0.0,0.0,31.0,0.0,0.0,0.0,31,933,"UPI AGRICULTURAL SCHOOL, MAGUINDANAO","ARMM",0.0,0.0,0.0,0.4,0.0,0.0,0.0,2.6,3.2,0.0,6.2,933,"UPI AGRICULTURAL SCHOOL, MAGUINDANAO","ARMM",0.0,0.0,0.0,0.0,0.0,0.0,0.0,0.2,0.0,0.0,3.8,4,41.2
900,"CATUBIG, NORTHERN SAMAR",8,,,,,,,,,,,,900,"CATUBIG, NORTHERN SAMAR","8",,,,,,,,,,,,900,"CATUBIG, NORTHERN SAMAR","8",,,,,,,,,,,,,
367,"PLARIDEL, MISAMIS OCCIDENTAL",10,0.0,0.2,0.2,0.0,0.0,0.2,0.2,0.0,0.0,0.0,0.8,367,"PLARIDEL, MISAMIS OCCIDENTAL","10",0.0,0.0,0.0,0.0,19.2,0.2,0.2,7.2,23.2,0.2,50.2,367,"PLARIDEL, MISAMIS OCCIDENTAL","10",0.0,0.0,0.0,0.2,0.2,0.0,0.2,1.4,0.0,0.6,0.4,3,54
853,"BANGA, AKLAN",6,3.2,2.0,0.0,0.2,7.4,6.8,0.2,18.0,2.4,0.0,40.2,853,"BANGA, AKLAN","6",9.0,0.0,0.4,1.2,4.6,0.8,31.8,4.6,0.2,0.0,52.6,853,"BANGA, AKLAN","6",0.0,,,,,,,,,4.4,7.8,12.2,105
318,"UBAY, BOHOL",7,,,,,,,,,,,,318,"UBAY, BOHOL","7",,,,,,,,,,,,318,"UBAY, BOHOL","7",,,,,,,,,,,,,
880,"T'BOLI, SOUTH COTABATO",12,,,,,,,,,,,,880,"T'BOLI, SOUTH COTABATO","12",,,,,,,,,,,,880,"T'BOLI, SOUTH COTABATO","12",,,,,,,,,,,,,
916,"MAGALANG, PAMPANGA",3,,,,,,,,,,,,916,"MAGALANG, PAMPANGA","3",,,,,,,,,,,,916,"MAGALANG, PAMPANGA","3",,,,,,,,,,,,,
873,"GINGOOG CITY, MISAMIS ORIENTAL",10,,,,,,,,,,,0,873,"GINGOOG CITY, MISAMIS ORIENTAL","10",,,,,,,,,,,,873,"GINGOOG CITY, MISAMIS ORIENTAL","10",,,,,,,,,,,,,0
342,"PAMPLONA, CAMARINES SUR",5,0.0,0.0,0.2,0.0,1.4,8.2,3.6,0.2,0.0,0.0,13.6,342,"PAMPLONA, CAMARINES SUR","5",0.0,0.0,19.2,80.4,0.8,0.0,39.6,2.0,11.8,3.0,156.8,342,"PAMPLONA, CAMARINES SUR","5",0.2,0.0,0.0,0.0,0.0,0.0,0.0,0.8,0.0,18.8,17.0,36.8,207.2
348,"BAIS, NEGROS ORIENTAL",7,0.0,24.6,2.6,0.0,0.0,0.0,0.4,0.0,0.0,0.0,27.6,348,"BAIS, NEGROS ORIENTAL","7",0.0,0.0,16.8,0.0,0.0,0.0,0.0,10.8,11.0,0.0,38.6,348,"BAIS, NEGROS ORIENTAL","7",0.0,0.0,1.4,1.4,0.0,0.0,0.2,0.0,1.0,6.8,0.0,10.8,77
929,"PALAYAN CITY, NUEVA ECIJA",3,,,,,,,,,,,,929,"PALAYAN CITY, NUEVA ECIJA","3",,,,,,,,,,,,929,"PALAYAN CITY, NUEVA ECIJA","3",,,,,,,,,,,,,
1552,"TUMAUINI(BRGY. ARCON), ISABELA",2,0.0,0.0,0.2,0.0,1.2,0.0,0.0,1.4,2.4,0.0,5.2,1552,"TUMAUINI(BRGY. ARCON), ISABELA","2",0.0,1.2,0.0,4.0,109.6,105.4,13.0,3.2,41.2,14.8,292.4,1552,"TUMAUINI(BRGY. ARCON), ISABELA","2",25.0,0.0,0.0,0.0,0.0,0.0,0.0,0.0,10.4,0.2,0.0,35.6,333.2
876,"ABULUG, CAGAYAN",2,,,,,,,,,,,,876,"ABULUG, CAGAYAN","2",,,,,,,,,,,,876,"ABULUG, CAGAYAN","2",,,,,,,,,,,,,
357,"POLANCO, ZAMBOANGA DEL NORTE",9,,,,,,,,,,,,357,"POLANCO, ZAMBOANGA DEL NORTE","9",,,,,,,,,,,,357,"POLANCO, ZAMBOANGA DEL NORTE","9",,,,,,,,,,,,,
1143,"MASBATE, MASBATE",5,3.0,0.2,0.2,0.4,4.4,25.4,0.0,1.6,0.6,0.0,35.8,1143,"MASBATE, MASBATE","5",0.0,0.0,3.4,147.8,1.4,1.8,12.0,17.2,0.0,2.4,186,1143,"MASBATE, MASBATE","5",0.4,1.4,1.0,0.0,0.0,0.0,3.6,0.0,0.0,7.2,0.0,13.6,235.4
344,"LABO, CAMARINES NORTE",5,9.6,2.0,2.4,13.6,38.6,37.0,20.6,1.2,2.0,0.0,127,344,"LABO, CAMARINES NORTE","5",6.6,0.4,24.8,50.4,4.0,36.6,68.4,68.8,42.8,6.8,309.6,344,"LABO, CAMARINES NORTE","5",6.0,0.4,6.2,0.0,7.2,24.2,0.0,0.0,2.0,11.2,115.6,172.8,609.4
922,"ROXAS PALAWAN, PALAWAN",4-B,,,,,,,3.8,3.4,0.0,0.0,7.2,922,"ROXAS PALAWAN, PALAWAN","4-B",0.0,0.0,0.0,1.2,72.0,18.2,,,,,91.4,922,"ROXAS PALAWAN, PALAWAN","4-B",,,,,,,,,,,,,98.6
329,"SAN ANTONIO, QUEZON",4-A,1.0,0.8,0.0,0.0,13.8,0.0,0.4,0.0,0.0,0.0,16,329,"SAN ANTONIO, QUEZON","4-A",0.0,0.0,0.0,30.2,32.4,6.8,0.8,59.2,32.4,0.0,161.8,329,"SAN ANTONIO, QUEZON","4-A",0.0,0.0,0.0,0.0,0.0,0.2,0.0,0.0,0.0,0.0,7.0,7.2,185
378,"BABATNGON, LEYTE",8,,,,,,,,,,,,378,"BABATNGON, LEYTE","8",,,,,,,,,,,,378,"BABATNGON, LEYTE","8",,,,,,,,,,,,,
354,"NAVAL, BILIRAN",8,0.0,1.2,0.0,1.4,4.0,0.0,9.2,1.8,0.2,0.0,17.8,354,"NAVAL, BILIRAN","8",0.0,1.0,16.4,32.8,0.0,0.0,0.2,0.6,0.0,7.6,58.6,354,"NAVAL, BILIRAN","8",0.4,0.0,10.8,0.6,0.0,0.0,0.0,0.6,0.2,16.6,3.6,32.8,109.2
899,"CAN-AVID, EASTERN SAMAR",8,0.0,0.0,0.0,0.0,0.0,0.0,0.0,0.0,0.0,0.0,0,899,"CAN-AVID, EASTERN SAMAR","8",0.0,0.0,0.0,0.0,0.0,0.0,0.0,0.0,0.0,0.0,0,899,"CAN-AVID, EASTERN SAMAR","8",0.0,,,,,,,,,,,0,0
363,"SULOP, POBLACION, DAVAO DEL SUR",11,0.0,9.6,0.0,0.0,,,,,,,9.6,363,"SULOP, POBLACION, DAVAO DEL SUR","11",,,,,,,,,,,,363,"SULOP, POBLACION, DAVAO DEL SUR","11",,0.0,0.0,13.4,0.0,0.0,0.0,44.0,0.0,0.2,0.0,57.6,67.2
870,"LANAO DEL NORTE, LANAO DEL NORTE",10,0.0,0.0,0.0,0.0,0.0,0.0,0.0,0.0,0.0,0.0,0,870,"LANAO DEL NORTE, LANAO DEL NORTE","10",0.4,0.0,0.0,0.0,0.0,0.0,0.0,90.0,11.0,0.2,101.6,870,"LANAO DEL NORTE, LANAO DEL NORTE","10",0.0,0.0,0.0,0.0,0.6,0.0,4.0,0.4,27.8,0.0,0.0,32.8,134.4
898,"SAN MIGUEL, LEYTE",8,0.0,0.0,0.0,0.0,0.0,0.0,0.0,0.0,0.0,0.0,0,898,"SAN MIGUEL, LEYTE","8",0.0,0.0,0.0,0.0,0.0,0.0,0.0,0.0,0.0,0.0,0,898,"SAN MIGUEL, LEYTE","8",0.0,,,,,,,0.0,0.0,0.0,0.0,0,0
902,"GERONA, TARLAC",3,,,,,,,,,,,,902,"GERONA, TARLAC","3",,,,,,,,,,,,902,"GERONA, TARLAC","3",,,,,,,,,,,,,
987,"BASILAN, ISABELA CITY",9,0.0,0.0,0.0,0.0,0.0,0.0,0.0,0.0,0.0,0.0,0,987,"BASILAN, ISABELA CITY","9",0.0,0.0,0.0,0.0,0.0,0.0,0.0,0.2,8.4,0.0,8.6,987,"BASILAN, ISABELA CITY","9",0.0,0.0,0.0,0.0,0.0,0.0,0.0,0.0,0.0,0.0,0.0,0,8.6
376,"PIGCAWAYAN, COTABATO",12,1.4,10.0,0.0,0.0,0.0,13.8,10.4,0.0,0.0,0.0,35.6,376,"PIGCAWAYAN, COTABATO","12",0.2,0.0,0.0,0.0,0.0,0.0,0.0,27.6,5.0,0.0,32.8,376,"PIGCAWAYAN, COTABATO","12",0.0,0.0,0.0,0.0,0.0,0.0,0.0,3.0,0.0,0.0,1.8,4.8,73.2
919,"PATNONGON, ANTIQUE",6,0.0,0.0,0.0,0.0,2.6,0.0,0.0,0.0,0.0,0.0,2.6,919,"PATNONGON, ANTIQUE","6",0.0,0.0,0.0,7.8,46.2,3.4,1.0,0.0,0.0,0.0,58.4,919,"PATNONGON, ANTIQUE","6",0.0,0.0,0.0,1.2,0.0,0.0,0.0,0.0,0.0,0.0,0.0,1.2,62.2
918,"SAN LUIS, AURORA",3,6.9,0.0,2.6,41.8,127.5,2.8,0.8,19.4,18.2,0.0,220,918,"SAN LUIS, AURORA","3",4.4,0.4,0.2,14.4,191.0,257.6,5.4,15.6,214.2,221.4,924.6,918,"SAN LUIS, AURORA","3",40.4,0.2,1.4,0.6,0.2,0.0,0.0,0.0,4.0,0.0,22.6,69.4,1214
932,"SULTAN KUDARAT, MAGUINDANAO, MAGUINDANAO",ARMM,,,,,,,,,,,,932,"SULTAN KUDARAT, MAGUINDANAO, MAGUINDANAO","ARMM",,,,,,,,,,,,932,"SULTAN KUDARAT, MAGUINDANAO, MAGUINDANAO","ARMM",,,,,,,,,,,,,
349,"SIQUIJOR, SIQUIJOR",7,0.0,0.0,0.0,0.0,0.0,0.0,0.0,0.0,0.0,0.0,0,349,"SIQUIJOR, SIQUIJOR","7",0.0,0.0,0.0,0.0,0.0,0.0,0.0,0.0,0.0,0.0,0,349,"SIQUIJOR, SIQUIJOR","7",0.0,0.0,0.0,0.0,0.0,0.0,5.7,0.0,0.0,0.0,0.0,5.7,5.7
356,"KALAWIT, ZAMBOANGA DEL NORTE",9,0.0,0.0,8.6,0.2,0.0,0.0,0.0,0.0,0.0,0.0,8.8,356,"KALAWIT, ZAMBOANGA DEL NORTE","9",0.0,0.0,0.0,0.0,0.2,29.2,14.6,0.0,1.4,0.2,45.6,356,"KALAWIT, ZAMBOANGA DEL NORTE","9",0.0,0.0,0.0,0.0,0.0,0.0,0.0,0.0,0.0,0.0,0.0,0,54.4
924,"PANIT-AN, CAPIZ",6,3.4,0.0,0.8,0.2,1.6,10.4,1.0,4.4,0.0,0.8,22.6,924,"PANIT-AN, CAPIZ","6",0.0,0.0,0.0,6.8,2.0,0.2,64.6,0.0,0.6,0.0,74.2,924,"PANIT-AN, CAPIZ","6",0.0,,,,,,,,,0.0,13.2,13.2,110
872,"KALILANGAN, BUKIDNON",10,,,,,,,,,,,,872,"KALILANGAN, BUKIDNON","10",,,,,,,,,,,,872,"KALILANGAN, BUKIDNON","10",,,,,,,,,,,,,
340,"SUAL, PANGASINAN",1,,,,,,,,,,,,340,"SUAL, PANGASINAN","1",,,,,,,0.0,0.0,0.0,1.2,1.2,340,"SUAL, PANGASINAN","1",0.4,0.2,0.0,0.0,0.0,0.0,0.0,0.0,0.0,0.0,0.0,0.6,1.8
359,"IPIL, ZAMBOANGA SIBUGAY",9,0.0,5.8,0.6,0.0,0.0,0.0,0.2,1.0,0.0,0.4,8,359,"IPIL, ZAMBOANGA SIBUGAY","9",0.0,0.0,0.0,0.0,0.0,0.0,0.0,6.8,1.6,0.0,8.4,359,"IPIL, ZAMBOANGA SIBUGAY","9",0.0,0.0,0.0,0.0,0.0,0.0,0.0,0.0,0.0,0.0,0.0,0,16.4
896,"BARILI, CEBU",7,0.4,12.0,0.0,1.0,0.0,0.0,0.0,3.4,0.0,0.0,16.8,896,"BARILI, CEBU","7",0.0,0.0,5.0,0.0,1.4,0.2,0.0,13.2,4.8,0.2,24.8,896,"BARILI, CEBU","7",0.0,0.0,1.2,0.8,6.2,0.0,0.0,3.2,1.6,0.0,0.0,13,54.6
878,"SEN. NINOY AQUINO, SULTAN KUDARAT",12,,,,,,,,,,,,878,"SEN. NINOY AQUINO, SULTAN KUDARAT","12",,,,,,,,,,,,878,"SEN. NINOY AQUINO, SULTAN KUDARAT","12",,,,,,,,,,,,,
1079,"PINAMALAYAN, ORIENTAL MINDORO",4-B,0.0,6.4,0.0,5.8,0.0,0.4,25.4,2.4,1.8,0.0,42.2,1079,"PINAMALAYAN, ORIENTAL MINDORO","4-B",0.0,6.2,16.0,65.8,211.6,7.2,23.4,2.4,3.4,0.0,336,1079,"PINAMALAYAN, ORIENTAL MINDORO","4-B",0.4,0.4,1.6,0.0,0.0,0.0,0.0,0.0,0.0,1.4,12.0,15.8,394
1141,"STA. BARBARA - ILOILO, ILOILO",6,0.0,0.7,0.0,0.0,0.0,0.0,0.1,0.0,0.0,0.0,0.8,1141,"STA. BARBARA - ILOILO, ILOILO","6",0.0,0.0,0.0,0.0,2.1,0.8,0.4,0.0,0.3,0.0,3.6,1141,"STA. BARBARA - ILOILO, ILOILO","6",0.0,,,,,,,,,0.0,0.0,0,4.4
903,"BOTOLAN, ZAMBALES",3,0.0,0.0,0.0,0.0,0.0,0.0,0.0,0.0,0.0,0.0,0,903,"BOTOLAN, ZAMBALES","3",0.0,0.0,0.0,0.0,57.2,51.2,0.2,0.0,3.2,0.0,111.8,903,"BOTOLAN, ZAMBALES","3",0.0,0.0,0.0,0.0,0.0,0.0,0.0,0.0,0.0,0.0,0.0,0,111.8
927,"BAGO CITY, NEGROS OCCIDENTAL",6,0.0,0.0,6.4,0.0,0.0,0.0,0.0,0.0,0.0,0.0,6.4,927,"BAGO CITY, NEGROS OCCIDENTAL","6",0.0,0.0,0.0,0.0,0.0,0.0,12.8,0.0,31.9,0.0,44.7,927,"BAGO CITY, NEGROS OCCIDENTAL","6",0.0,,,,,,,,,0.0,6.4,6.4,57.5
316,"STO TOMAS, DAVAO DEL NORTE",11,,,,,,,,,,,,316,"STO TOMAS, DAVAO DEL NORTE","11",,,,,,,,,,,,316,"STO TOMAS, DAVAO DEL NORTE","11",,,,,,,,,,,,,
879,"TACURONG CITY, SULTAN KUDARAT",12,0.0,0.6,0.0,0.0,0.0,0.0,0.2,0.0,0.0,0.0,0.8,879,"TACURONG CITY, SULTAN KUDARAT","12",0.0,0.0,0.0,0.0,0.0,0.0,5.7,30.0,0.2,,35.9,879,"TACURONG CITY, SULTAN KUDARAT","12",,,,,,,,,,,,,36.7
866,"GUINSILIBAN, CAMIGUIN",10,2.8,0.0,2.6,41.8,123.2,2.8,2.6,19.4,18.2,0.0,213.4,866,"GUINSILIBAN, CAMIGUIN","10",4.4,0.4,0.2,14.0,187.6,257.6,6.6,23.8,255.8,216.2,966.6,866,"GUINSILIBAN, CAMIGUIN","10",40.4,0.2,1.4,0.6,0.2,0.0,1.4,0.0,4.0,0.0,21.2,69.4,1249.4
372,"ROXAS, ISABELA",2,0.0,0.0,0.0,0.0,0.0,0.4,0.0,5.0,0.0,0.0,5.4,372,"ROXAS, ISABELA","2",0.0,0.0,0.0,8.0,76.8,101.6,7.4,0.4,13.4,17.2,224.8,372,"ROXAS, ISABELA","2",19.2,0.2,0.0,0.0,0.0,0.0,0.0,0.0,8.4,1.4,1.0,30.2,260.4
890,"ESPERANZA, AGUSAN DEL SUR",13,,,,,,,,,,,,890,"ESPERANZA, AGUSAN DEL SUR","13",,,,,,,,,,,,890,"ESPERANZA, AGUSAN DEL SUR","13",,,,,,,,,,,,,
327,"STA. CRUZ - LAGUNA, LAGUNA",4-A,13.4,3.6,0.0,,,,,,,,17,327,"STA. CRUZ - LAGUNA, LAGUNA","4-A",,,,,,,,,,,,327,"STA. CRUZ - LAGUNA, LAGUNA","4-A",,,,,,,,,,,,,17
917,"CALINOG, ILOILO",6,0.0,0.2,5.4,0.0,0.0,0.0,6.0,1.4,0.8,0.0,13.8,917,"CALINOG, ILOILO","6",0.0,0.0,0.0,1.0,0.4,1.0,5.2,1.6,2.4,0.2,11.8,917,"CALINOG, ILOILO","6",0.0,0.0,10.2,1.6,0.0,0.0,0.0,0.0,0.0,3.8,9.8,25.4,51
1128,"ALCANTARA, ROMBLON",4-B,0.0,1.6,0.0,0.0,0.4,0.0,0.4,0.6,2.6,0.0,5.6,1128,"ALCANTARA, ROMBLON","4-B",2.4,0.0,2.2,51.6,17.8,8.2,9.6,2.0,0.0,0.0,93.8,1128,"ALCANTARA, ROMBLON","4-B",0.0,0.0,4.2,0.0,0.0,0.0,0.0,3.8,0.0,0.0,0.0,8,107.4
503,"AGLIPAY, QUIRINO",2,0.0,0.0,4.0,0.6,18.4,5.0,1.6,1.2,0.6,0.6,32,503,"AGLIPAY, QUIRINO","2",0.2,0.0,0.0,8.8,207.0,254.2,54.0,36.6,54.2,92.2,707.2,503,"AGLIPAY, QUIRINO","2",39.4,0.0,0.0,0.0,0.0,0.0,0.0,0.2,1.6,7.4,5.8,54.4,793.6
1324,"VILLAREAL, SAMAR",8,,,,,,,,,,,,1324,"VILLAREAL, SAMAR","8",,,,,,,,,,,,1324,"VILLAREAL, SAMAR","8",,,,,,,,,,,,,
379,"SAN JOSE - CAMARINES SUR, CAMARINES SUR",5,0.0,0.8,0.8,4.2,1.8,12.0,11.2,0.0,3.6,0.0,34.4,379,"SAN JOSE - CAMARINES SUR, CAMARINES SUR","5",0.8,0.8,41.0,25.6,3.4,20.8,17.2,9.8,19.8,1.4,140.6,379,"SAN JOSE - CAMARINES SUR, CAMARINES SUR","5",1.2,0.0,0.0,0.0,0.0,0.0,1.0,3.0,1.6,11.2,19.6,37.6,212.6
626,"KIAMBA, SARANGANI",12,,,,,,,,,,,,626,"KIAMBA, SARANGANI","12",,0.0,,,0.0,0.0,0.0,0.0,0.0,,0,626,"KIAMBA, SARANGANI","12",0.0,0.0,0.0,0.0,0.0,0.0,0.0,0.0,0.0,0.0,0.0,0,0
374,"POBLACION LILOY, ZAMBOANGA DEL NORTE",9,0.0,5.0,0.0,0.0,0.0,0.0,0.0,0.0,0.0,0.0,5,374,"POBLACION LILOY, ZAMBOANGA DEL NORTE","9",0.0,0.0,0.0,0.0,13.6,0.0,16.2,6.8,7.0,0.8,44.4,374,"POBLACION LILOY, ZAMBOANGA DEL NORTE","9",0.0,0.2,0.0,0.0,0.0,0.0,0.0,0.0,0.0,0.0,0.0,0.2,49.6
351,"CARMEN, BOHOL",7,1.0,0.0,0.8,0.0,0.0,0.0,0.0,,,,1.8,351,"CARMEN, BOHOL","7",,,,,,,,,,,,351,"CARMEN, BOHOL","7",,,,,,,,,,,,,1.8
967,"STA. CRUZ - MARINDUQUE, MARINDUQUE",4-B,0.0,0.0,0.6,0.6,0.0,0.0,8.8,0.0,0.0,0.0,10,967,"STA. CRUZ - MARINDUQUE, MARINDUQUE","4-B",0.2,0.4,0.8,42.6,61.4,13.2,10.4,6.0,11.2,0.0,146.2,967,"STA. CRUZ - MARINDUQUE, MARINDUQUE","4-B",0.0,0.0,0.0,0.0,1.6,1.8,0.0,0.0,0.0,0.0,4.4,7.8,164
328,"AYUTI, QUEZON",4-A,9.8,1.2,4.8,41.4,8.2,0.4,22.4,12.8,17.2,0.0,118.2,328,"AYUTI, QUEZON","4-A",8.2,11.2,4.8,43.6,79.4,83.0,19.0,77.4,78.4,4.4,409.4,328,"AYUTI, QUEZON","4-A",5.6,1.6,0.4,0.2,0.4,14.8,0.0,0.0,1.0,7.6,35.0,66.6,594.2
865,"ILAGAN, ISABELA",2,0.0,0.0,4.8,0.0,0.2,0.0,0.0,0.6,0.2,0.0,5.8,865,"ILAGAN, ISABELA","2",0.0,0.0,0.0,0.0,44.0,,4.6,1.6,28.2,9.6,88,865,"ILAGAN, ISABELA","2",5.6,0.0,0.0,0.0,0.0,0.0,0.0,0.0,3.0,0.4,0.0,9,102.8
934,"KAPATAGAN, LANAO DEL SUR",ARMM,,,,,,,,,,,,934,"KAPATAGAN, LANAO DEL SUR","ARMM",,,,,,,,,,,,934,"KAPATAGAN, LANAO DEL SUR","ARMM",,,,,,,,,,,,,
370,"SAN FRANCISCO, SURIGAO DEL NORTE",13,,,,,,,,,,,,370,"SAN FRANCISCO, SURIGAO DEL NORTE","13",,,,,,,,,,,,370,"SAN FRANCISCO, SURIGAO DEL NORTE","13",,,,,,,,,,,,,
358,"DUMINGAG, ZAMBOANGA DEL SUR",9,0.0,0.0,0.0,0.6,0.0,2.2,0.0,0.0,0.2,0.8,3.8,358,"DUMINGAG, ZAMBOANGA DEL SUR","9",0.0,0.0,0.0,27.4,14.0,0.2,27.8,3.0,11.0,0.0,83.4,358,"DUMINGAG, ZAMBOANGA DEL SUR","9",0.0,0.0,0.0,0.0,0.0,0.0,0.2,0.4,0.2,0.0,0.0,0.8,88
338,"STA. BARBARA - PANGASINAN, PANGASINAN",1,0.0,5.9,0.0,0.0,0.0,0.0,0.0,0.0,0.0,0.0,5.9,338,"STA. BARBARA - PANGASINAN, PANGASINAN","1",0.0,0.0,0.0,0.0,0.0,0.4,0.0,0.0,0.0,0.0,0.4,338,"STA. BARBARA - PANGASINAN, PANGASINAN","1",0.0,0.0,0.0,0.0,0.0,0.0,0.0,0.0,0.0,0.0,0.0,0,6.3
353,"MALITBOG, SOUTHERN LEYTE",8,2.4,,,,,,,,,,2.4,353,"MALITBOG, SOUTHERN LEYTE","8",,,,,,,,,,,,353,"MALITBOG, SOUTHERN LEYTE","8",,,,,,,,,,,,,2.4
333,"BUCAY, ABRA",CAR,,,,,,,,,,,,333,"BUCAY, ABRA","CAR",,,,,,,,,,,,333,"BUCAY, ABRA","CAR",,,,,,,,,,,,,
1080,"SABLAYAN, OCCIDENTAL MINDORO",4-B,0.0,0.0,0.0,0.0,0.0,0.0,0.0,0.0,0.0,0.0,0,1080,"SABLAYAN, OCCIDENTAL MINDORO","4-B",0.0,0.0,0.0,4.0,16.0,0.6,,0.0,,0.0,20.6,1080,"SABLAYAN, OCCIDENTAL MINDORO","4-B",0.0,0.0,0.0,0.0,0.0,0.0,0.0,0.0,0.0,0.0,0.0,0,20.6
365,"BANAYBANAY, DAVAO ORIENTAL",11,,,,,,,,,,,,365,"BANAYBANAY, DAVAO ORIENTAL","11",,,,,,,,,,,,365,"BANAYBANAY, DAVAO ORIENTAL","11",,,,,,,,,,,,,
867,"DANGCAGAN, BUKIDNON",10,1.8,0.6,0.0,0.0,0.0,3.6,0.0,0.0,0.0,0.0,6,867,"DANGCAGAN, BUKIDNON","10",0.0,0.0,0.0,0.0,0.8,5.8,5.2,11.4,6.0,0.0,29.2,867,"DANGCAGAN, BUKIDNON","10",0.0,0.0,0.0,0.0,0.0,0.0,0.0,31.8,0.0,0.0,0.0,31.8,67
319,"NAIC CAMPUS, CAVITE",4-A,,,,,,,,,,,,319,"NAIC CAMPUS, CAVITE","4-A",,,,,,,,,,,,319,"NAIC CAMPUS, CAVITE","4-A",,,,,,,,,,,,,
502,"BAGABAG, NUEVA VIZCAYA",2,0.0,0.0,0.0,0.0,5.0,28.6,0.4,1.2,0.4,0.0,35.6,502,"BAGABAG, NUEVA VIZCAYA","2",0.0,0.0,0.0,3.6,44.2,120.6,14.8,3.0,11.6,43.0,240.8,502,"BAGABAG, NUEVA VIZCAYA","2",15.4,0.0,0.0,0.0,0.0,0.0,0.0,0.0,4.4,1.8,5.0,26.6,303
920,"GUIMBA, NUEVA ECIJA",3,,,,,,,,,,,,920,"GUIMBA, NUEVA ECIJA","3",,,,,,,,,,,,920,"GUIMBA, NUEVA ECIJA","3",,,,,,,,,,,,,
381,"ARAKAN, COTABATO",12,1.4,22.0,0.0,0.0,0.0,18.2,10.4,0.0,0.0,0.0,52,381,"ARAKAN, COTABATO","12",0.2,0.0,0.4,0.0,1.0,0.6,7.4,47.6,7.6,0.0,64.8,381,"ARAKAN, COTABATO","12",0.0,0.0,0.0,0.0,0.0,0.6,0.0,15.4,0.0,0.0,1.8,17.8,134.6
341,"STA. MARIA - ILOCOS SUR, ILOCOS SUR",1,,,,,,,,,,,,341,"STA. MARIA - ILOCOS SUR, ILOCOS SUR","1",,,,,,,,,,,,341,"STA. MARIA - ILOCOS SUR, ILOCOS SUR","1",,,,,,,,,,,,,
897,"ABUYUG, LEYTE",8,0.0,0.2,0.6,0.4,0.6,0.6,0.6,0.2,0.2,0.0,3.4,897,"ABUYUG, LEYTE","8",0.2,0.4,0.4,0.2,0.2,0.4,0.4,0.8,0.8,0.6,4.4,897,"ABUYUG, LEYTE","8",0.6,0.2,0.2,0.4,1.0,1.4,0.8,1.2,1.6,1.0,1.4,9.8,17.6
334,"BARLIG, MOUNTAIN PROVINCE",CAR,,,,,,,,,,,,334,"BARLIG, MOUNTAIN PROVINCE","CAR",,,,,,,,,,,,334,"BARLIG, MOUNTAIN PROVINCE","CAR",,,,,,,,,,,,,
882,"KIDAPAWAN, COTABATO",12,0.0,12.2,0.2,0.2,0.0,0.0,0.2,6.6,0.0,0.0,19.4,882,"KIDAPAWAN, COTABATO","12",0.0,0.0,3.0,0.0,0.0,0.0,0.0,11.0,0.8,0.0,14.8,882,"KIDAPAWAN, COTABATO","12",0.0,0.0,0.0,0.0,0.0,0.0,0.0,19.4,0.2,0.0,0.0,19.6,53.8
336,"BALBALAN, KALINGA",CAR,2.2,,0.0,0.0,,0.0,0.8,1.0,0.0,0.0,4,336,"BALBALAN, KALINGA","CAR",3.9,0.0,,0.0,1.6,0.0,0.0,0.0,0.0,0.0,5.5,336,"BALBALAN, KALINGA","CAR",0.0,0.0,0.0,0.0,0.0,0.0,,,0.0,0.0,,0,9.5
345,"CASTILLA, SORSOGON",5,0.4,0.0,1.6,6.4,3.4,13.4,1.2,2.2,1.0,0.0,29.6,345,"CASTILLA, SORSOGON","5",0.2,0.4,26.8,111.2,5.2,0.0,1.2,14.0,11.4,1.6,172,345,"CASTILLA, SORSOGON","5",0.8,0.0,7.0,0.0,,,,,2.0,21.4,14.4,45.6,247.2
364,"MARAGUSAN, COMPOSTELA VALLEY",11,,,,,,,,,,,,364,"MARAGUSAN, COMPOSTELA VALLEY","11",,,,,,,,,,,,364,"MARAGUSAN, COMPOSTELA VALLEY","11",,,,,,,,,,,,,
887,"CANTILAN, SURIGAO DEL SUR",13,5.6,8.6,1.4,17.6,5.8,32.4,24.0,0.6,0.2,5.8,102,887,"CANTILAN, SURIGAO DEL SUR","13",0.8,2.0,0.0,9.4,0.0,0.0,13.4,62.4,25.4,9.2,122.6,887,"CANTILAN, SURIGAO DEL SUR","13",1.6,4.2,0.6,16.0,0.4,1.6,8.4,23.6,4.6,10.0,5.2,76.2,300.8
347,"PANDAN, CATANDUANES",5,,,,,,,,,,,,347,"PANDAN, CATANDUANES","5",,,,,,,,,,,,347,"PANDAN, CATANDUANES","5",,,,,,,,,,,,,
383,"SAN JOSE - NEGROS ORIENTAL, NEGROS ORIENTAL",7,,,,,,,,,,,,383,"SAN JOSE - NEGROS ORIENTAL, NEGROS ORIENTAL","7",,,,,,,,,,,,383,"SAN JOSE - NEGROS ORIENTAL, NEGROS ORIENTAL","7",,,,,,,,,,,,0,0
337,"SUDIPEN, LA UNION",1,0.0,0.0,0.0,0.0,0.0,0.0,0.0,0.0,0.0,0.0,0,337,"SUDIPEN, LA UNION","1",0.0,0.0,0.0,0.0,4.8,26.2,0.0,0.0,0.0,0.0,31,337,"SUDIPEN, LA UNION","1",0.0,0.0,0.0,0.0,0.0,0.0,0.0,0.0,0.0,0.0,0.0,0,31
1103,"ABUCAY, BATAAN",3,,,,,,,,,,,,1103,"ABUCAY, BATAAN","3",,,,,,,,,,,,1103,"ABUCAY, BATAAN","3",,,,,,,,,,,,,
362,"CATEEL, DAVAO ORIENTAL",11,,,,,,,,,,,,362,"CATEEL, DAVAO ORIENTAL","11",,,,,,,,,,,,362,"CATEEL, DAVAO ORIENTAL","11",,,,,,,,,,,,,
326,"LEMERY, BATANGAS",4-A,0.6,0.0,0.0,0.2,4.0,0.0,0.0,0.0,0.0,0.0,4.8,326,"LEMERY, BATANGAS","4-A",0.0,0.6,0.2,21.2,88.0,28.0,0.6,48.0,93.8,0.0,280.4,326,"LEMERY, BATANGAS","4-A",0.0,0.0,0.0,0.0,0.0,0.0,0.0,0.0,0.0,0.0,0.0,0,285.2
1081,"SAN JOSE - OCCIDENTAL MINDORO, OCCIDENTAL MINDORO",4-B,0.0,0.0,0.0,0.0,0.0,0.0,0.0,0.0,0.0,0.0,0,1081,"SAN JOSE - OCCIDENTAL MINDORO, OCCIDENTAL MINDORO","4-B",0.0,0.0,0.0,2.6,27.8,7.4,0.0,0.0,0.0,0.0,37.8,1081,"SAN JOSE - OCCIDENTAL MINDORO, OCCIDENTAL MINDORO","4-B",0.0,0.0,0.0,0.0,0.0,0.0,0.0,0.0,0.0,0.0,0.0,0,37.8